Workbook

Sheet 概要
A1: グルコン改善 アクションプラン｜概要
A3: 目標 | B3: 受講生がグルコンに入ることでマインドが変わり、6ヶ月間で金額成果につながる状態をつくる
A4: 最終指標 | B4: 6ヶ月累計成果額 ／ 3ヶ月以内 初受注率
A5: 主KPI（早さ） | B5: 初提案までの日数 ／ 初受注までの日数
A6: 対象期間 | B6: 6ヶ月（STEP1〜STEP6）
A7: 作成日 | B7: 46255
A9: 使い方 ／ 凡例
A10: ① 「フェーズ設計」…… 6ヶ月の各STEPでグルコンが果たすべき役割・ゴール・マインドの転換点を定義したもの。課題出しの前提として先に合意する。
A11: ② 「課題一覧」…… たたき台として31件を記載。提案者・課題・原因・影響を埋め、影響度／変えやすさを3・2・1で採点すると優先度が自動計算される。
A12: ③ 「アクションプラン」…… 課題一覧のうち優先度が高いものを、いつ・誰が・何を・どのように の形に落としたもの。B3の着手日を変えると期限が自動再計算される。
A13: ④ 「KPI定義」…… 課題や成果を数値で語るための指標定義。「取れていない指標」自体が課題として立つ。
A14: ★ 黄色セル＝記入・編集する箇所。白セル＝記入欄。数式セルは触らない。
A16: 軸別 課題件数（自動集計） | E16: 優先度別 件数（自動集計）
A17: 軸 | B17: 件数 | C17: 構成比 | E17: 優先度 | F17: 件数
A18: ①内容（グルコン設計） | B18: =COUNTIF(課題一覧!$C$6:$C$100,$A18) | C18: =IF($B$25=0,"",B18/$B$25) | E18: A（最優先） | F18: =COUNTIF(課題一覧!$K$6:$K$100,"A")
A19: ②講師 | B19: =COUNTIF(課題一覧!$C$6:$C$100,$A19) | C19: =IF($B$25=0,"",B19/$B$25) | E19: B（次点） | F19: =COUNTIF(課題一覧!$K$6:$K$100,"B")
A20: ③受講生 | B20: =COUNTIF(課題一覧!$C$6:$C$100,$A20) | C20: =IF($B$25=0,"",B20/$B$25) | E20: C（後回し） | F20: =COUNTIF(課題一覧!$K$6:$K$100,"C")
A21: ④CSメンター | B21: =COUNTIF(課題一覧!$C$6:$C$100,$A21) | C21: =IF($B$25=0,"",B21/$B$25)
A22: ⑤運営・仕組み | B22: =COUNTIF(課題一覧!$C$6:$C$100,$A22) | C22: =IF($B$25=0,"",B22/$B$25)
A23: ⑥環境・コミュニティ | B23: =COUNTIF(課題一覧!$C$6:$C$100,$A23) | C23: =IF($B$25=0,"",B23/$B$25)
A24: ⑦データ・KPI | B24: =COUNTIF(課題一覧!$C$6:$C$100,$A24) | C24: =IF($B$25=0,"",B24/$B$25)
A25: 合計 | B25: =SUM(B18:B24) | C25: =IF(B25=0,"",1)

Sheet フェーズ設計
A1: 6ヶ月 × グルコンの役割設計
A2: ※ カリキュラムのSTEPに対し、グルコンが各時期に何をする場なのかを定義したもの。ここが決まらないと「毎回とりあえず質疑応答」になる。
A3: STEP | B3: 時期 | C3: カリキュラム上の位置づけ | D3: この時期の受講生ゴール | E3: グルコンの役割 | F3: グルコン テーマ例 | G3: マインドの転換点 | H3: 先行指標（行動） | I3: 成果指標（金額）
A4: STEP1 | B4: 1ヶ月目 | C4: 土台構築期／SNSデザイン基礎スキル獲得 | D4: ・デザイン課題を止めずに提出し切る ・ポートフォリオの種を3点つくる ・営業アカウントの器（CW／Wantedly）を用意する | E4: 手を止めさせない場。作品を晒し、詰まっている原因をその場で除去する。 | F4: ・トレース／バナー添削会 ・「提出できていない人」の詰まり解消回 ・完成の基準（何点で出すか）合わせ ・先輩受講生の1ヶ月目の実物公開 | G4: 完璧主義を壊す 「60点で出す」を当たり前にする | H4: 課題提出率／提出までの日数 グルコン参加率 | I4: ―（金額成果は発生しない期間）
A5: STEP2 | B5: 2ヶ月目 | C5: 営業準備・開始期／営業基礎スキル獲得 | D5: ・プロフィール、ポートフォリオを完成 ・提案文テンプレートを作成 ・月内に初提案を送る | E5: 営業物をその場で完成させる作業会＋添削会。解散までに「送った」状態をつくる。 | F5: ・プロフィール添削会 ・提案文その場添削→送信まで完了 ・案件の選び方／地雷案件の見分け方 ・メンターによる提案の実演 | G5: 営業への恐怖を壊す 「返信が来ないのが普通」 | H5: 初提案までの日数／週あたり提案数 プロフィール完成率 | I5: 初提案送信者率
A6: STEP3 | B6: 3ヶ月目 | C6: 実践期①／0→1案件獲得 | D6: ・初受注、初入金 ・提案を週◯件のペースで継続 | E6: 提案数と結果を全員が開示し合う場。落ちた提案を解剖して次に回す。 | F6: ・提案数・返信数の数値開示回 ・不採用提案の解剖会 ・受注した人の再現インタビュー ・見積り／条件交渉の型 | G6: 数を打つのが正常 「断られることが仕事」 | H6: 累計提案数／返信率／面談化率 | I6: 初受注率／初入金額 初受注までの日数
A7: STEP4 | B7: 4ヶ月目 | C7: 実践期②／複数案件獲得 | D7: ・同時2件以上を回す ・月◯万円を安定させる | E7: 納品品質・スケジュール・トラブル対応を共有し、受注後で折れさせない場。 | F7: ・複数案件の回し方／稼働管理 ・修正対応、クライアントとのやり取り ・納品トラブル事例の共有 | G7: 「受注できる人」の基準に 自分を合わせにいく | H7: 継続提案数／稼働時間／納期遵守率 | I7: 月次売上／同時案件数／継続率
A8: STEP5 | B8: 5ヶ月目 | C8: ブースト期・自走準備期／受注単価UP | D8: ・単価を上げる ・継続案件／企業案件を獲る | E8: 値上げ・企業案件への挑戦を後押しする場。実例で背中を押す。 | F8: ・単価交渉の実例と台本 ・企業案件への提案の作り方 ・実績の見せ方／ポートフォリオ更新 | G8: 値上げの恐怖を壊す 「今の単価は自分が決めている」 | H8: 単価交渉の実施数／企業案件応募数 | I8: 平均単価／月次売上
A9: STEP6 | B9: 6ヶ月〜 | C9: 自走期／卒業後も永続参加 | D9: ・自走して受注を継続する ・後輩のロールモデルになる | E9: 事例を還元する場。教える側に回ることで本人の基準がさらに上がる。 | F9: ・成果報告会での登壇 ・後輩へのアドバイス回 ・事業化／法人化の相談 | G9: 教える側に回る 「自分が場をつくる側」 | H9: 卒業後のグルコン参加率／登壇回数 | I9: 卒業後6ヶ月の継続受注率
A11: 最大の論点：初成果の前倒し
A12: ・現行設計では、1ヶ月目がデザイン、2ヶ月目に営業準備で、案件応募の開始は2ヶ月目後半〜3ヶ月目。つまり最初の2ヶ月は金額成果がゼロの期間になる。
A13: ・「2〜3ヶ月目から成果を出す」を実現するなら、営業活動の開始そのものを前倒しできるかが最大のレバーになる。具体的には、STEP1の期間中にアカウント開設・プロフィール下書き・ポートフォリオ3点までを終わらせ、STEP2の第1週に初提案を送る設計にできないか。
A14: ・初成果（初受注）はマインド変容の最大のトリガーでもある。「自分にもできた」の1回目が来た受講生は、その後の行動量・継続率・最終成果額が明確に変わる。マインド→成果ではなく、小さな成果→マインド→大きな成果の順で設計するほうが再現性が高い。
A15: ・一方で、STEP1〜2に金額成果が出せない以上、この期間は「課題提出率」「初提案までの日数」といった行動指標を成果の代替として置き、達成を可視化して小さな成功体験にする必要がある。

Sheet 課題一覧
A1: 課題一覧
A2: ※ 以下はたたき台。提案者欄に記入者名を入れ、実態に合うものを残す／書き換える。影響度・変えやすさを 3=大 2=中 1=小 で入れると、スコアと優先度（A:6以上／B:4以上／C:それ未満）が自動計算される。
A3: 記入例）GC-00 ／ 新井 ／ ③受講生 ／ STEP3 ／ 提案を送る手が2週間止まっている受講生がいる ／ 不採用が続き心理的に折れている ／ 3ヶ月目の離脱要因の上位 ／ 3 ／ 2 ／（自動） ／（自動）
A5: 課題ID | B5: 提案者 | C5: 軸 | D5: 対象フェーズ | E5: 課題 | F5: 根拠・原因 | G5: 詳細・影響 | H5: 影響度 (3/2/1) | I5: 変えやすさ (3/2/1) | J5: スコア | K5: 優先度
A6: GC-01 | B6: たたき台 | C6: ①内容（グルコン設計） | D6: 全期間 | E6: 週3〜4回あるグルコンの各回にテーマ設定がなく、毎回「質問がある人？」形式になっている | F6: 回ごとの目的・アジェンダが定義されていない。開催数が多く、1回あたりの準備が追いついていない | G6: 質問を持てる受講生だけが価値を得る構造。受け身の受講生は参加しても手ぶらで終わり、参加意義を感じず足が遠のく | J6: =IF(OR($H6="",$I6=""),"",$H6*$I6) | K6: =IF($J6="","",IF($J6>=6,"A",IF($J6>=4,"B","C")))
A7: GC-02 | B7: たたき台 | C7: ①内容（グルコン設計） | D7: 全期間 | E7: STEP1〜STEP6の受講生が同じ回に混在し、内容がどのフェーズにも最適化されていない | F7: フェーズ別の開催枠がなく、全員同一枠で運営されている | G7: 1ヶ月目は話についていけず、5ヶ月目は物足りない。両端の受講生から満足度が落ちる | J7: =IF(OR($H7="",$I7=""),"",$H7*$I7) | K7: =IF($J7="","",IF($J7>=6,"A",IF($J7>=4,"B","C")))
A8: GC-03 | B8: たたき台 | C8: ①内容（グルコン設計） | D8: STEP1〜2 | E8: 1ヶ月目（デザイン期）に「稼ぐ」「営業」に触れる回がなく、営業は2ヶ月目からという前提が受講生に刷り込まれている | F8: カリキュラムの構成をそのままグルコンの構成に流用している | G8: 初提案が2ヶ月目後半まで動かず、初受注が3ヶ月目以降にずれ込む。初成果までの日数が伸びる最大の構造要因 | J8: =IF(OR($H8="",$I8=""),"",$H8*$I8) | K8: =IF($J8="","",IF($J8>=6,"A",IF($J8>=4,"B","C")))
A9: GC-04 | B9: たたき台 | C9: ①内容（グルコン設計） | D9: STEP2〜3 | E9: 営業フェーズのグルコンで、実物（プロフィール・提案文・ポートフォリオ）をその場で直す時間が確保されていない | F9: 説明と質疑応答が中心の構成になっている | G9: 「分かったが直っていない」状態で解散し、次回まで提案が1件も進まない週が生まれる | J9: =IF(OR($H9="",$I9=""),"",$H9*$I9) | K9: =IF($J9="","",IF($J9>=6,"A",IF($J9>=4,"B","C")))
A10: GC-05 | B10: たたき台 | C10: ①内容（グルコン設計） | D10: 全期間 | E10: グルコンで扱う内容が、カリキュラム進捗や日報の内容と連動していない | F10: 講師が事前に受講生の進捗を確認する運用がない | G10: 全体最適な一般論に終始し、個々の詰まりが解消されないまま同じ話が繰り返される | J10: =IF(OR($H10="",$I10=""),"",$H10*$I10) | K10: =IF($J10="","",IF($J10>=6,"A",IF($J10>=4,"B","C")))
A11: GC-06 | B11: たたき台 | C11: ①内容（グルコン設計） | D11: STEP1〜2 | E11: マインドに関するカリキュラムがSNSマーケコースにはあるが、デザイン・営業コースには用意されていない | F11: コース設計時に差異が生まれ、その後統合されていない | G11: 行動量の差がマインドに起因していても、介入する共通の教材・言語がない | J11: =IF(OR($H11="",$I11=""),"",$H11*$I11) | K11: =IF($J11="","",IF($J11>=6,"A",IF($J11>=4,"B","C")))
A12: GC-07 | B12: たたき台 | C12: ②講師 | D12: 全期間 | E12: 講師によって進行・回答の質・熱量にばらつきがあり、当たり外れが生まれている | F12: 進行マニュアルや回答基準が言語化されておらず、属人的に運営されている | G12: 受講生が参加する回を選ぶようになり、特定講師の回以外の参加率が落ちる | J12: =IF(OR($H12="",$I12=""),"",$H12*$I12) | K12: =IF($J12="","",IF($J12>=6,"A",IF($J12>=4,"B","C")))
A13: GC-08 | B13: たたき台 | C13: ②講師 | D13: 全期間 | E13: グルコン終了時に、参加者それぞれの「次の1週間で何をするか」が確定しないまま解散している | F13: 質疑応答で完結する設計になっており、アクションを決めて終わる型がない | G13: その場の納得だけで終わり行動に変換されない。翌週も同じ地点に留まる受講生が生まれる | J13: =IF(OR($H13="",$I13=""),"",$H13*$I13) | K13: =IF($J13="","",IF($J13>=6,"A",IF($J13>=4,"B","C")))
A14: GC-09 | B14: たたき台 | C14: ②講師 | D14: 全期間 | E14: 成果が出た受講生の共通項が、講師・メンター間で言語化・共有されていない | F14: 成果事例を棚卸しして型に落とす場がない | G14: 再現性のある指導ができず、指導内容が個人の経験則に依存する | J14: =IF(OR($H14="",$I14=""),"",$H14*$I14) | K14: =IF($J14="","",IF($J14>=6,"A",IF($J14>=4,"B","C")))
A15: GC-10 | B15: たたき台 | C15: ②講師 | D15: 全期間 | E15: 講師が受講生の日報・提案数・進捗を見ないままグルコンに入っている | F15: 事前に確認できる形でデータが1箇所に集約されていない | G15: 停滞している受講生に気づけず、対応が「発言した人」だけに偏る | J15: =IF(OR($H15="",$I15=""),"",$H15*$I15) | K15: =IF($J15="","",IF($J15>=6,"A",IF($J15>=4,"B","C")))
A16: GC-11 | B16: たたき台 | C16: ③受講生 | D16: 全期間 | E16: グルコン参加率が低い受講生がいるが、欠席が続いた際に検知・介入する基準がない | F16: 出席の記録・アラートの運用がない | G16: 停滞から離脱に至る最も分かりやすい予兆を取りこぼしている | J16: =IF(OR($H16="",$I16=""),"",$H16*$I16) | K16: =IF($J16="","",IF($J16>=6,"A",IF($J16>=4,"B","C")))
A17: GC-12 | B17: たたき台 | C17: ③受講生 | D17: 全期間 | E17: 発言する人が固定化し、大半がカメラオフ・無言の視聴のみになっている | F17: 全員に発言を求める進行設計になっていない。1回あたりの人数も多い | G17: 場への当事者意識が育たず、学びが行動に定着しない | J17: =IF(OR($H17="",$I17=""),"",$H17*$I17) | K17: =IF($J17="","",IF($J17>=6,"A",IF($J17>=4,"B","C")))
... A36: GC-31 | B36: たたき台 | C36: ⑦データ・KPI | D36: 全期間 | E36: コース別・入会月別の成果者率（3ヶ月以内の初受注率）が出せない | F36: 成果の記録が個別のメモやチャットに散在している | G36: 6ヶ月のどのフェーズで最も落ちているかを特定できず、改善の打ち所が決められない | J36: =IF(OR($H36="",$I36=""),"",$H36*$I36) | K36: =IF($J36="","",IF($J36>=6,"A",IF($J36>=4,"B","C")))

Sheet アクションプラン
A1: グルコン アクションプラン
A2: 1行につき1アクション。「いつ・誰が・何を・どのように」を具体的に記入してください。
A3: 着手日 | B3: 46266 | D3: ← 黄色セルに着手日を入れると、K列「期限」がN列の日数をもとに自動計算されます。担当者・ステータスは記入欄です。
A5: No. | B5: 課題ID | C5: 課題 | D5: 原因 | E5: 取り組みアクション | F5: 詳細 | G5: いつ (短期・中期・長期) | H5: 誰が (担当者) | I5: 何を (対象・成果物) | J5: どのように (方法・手順) | K5: 期限 (日付) | L5: 完了条件 (ゴール) | M5: ステータス | N5: 着手からの日数 ※K列の算出用
A6: 1 | B6: GC-03 | C6: 1ヶ月目に営業に触れる回がなく、営業開始が2ヶ月目後半までずれ込む | D6: カリキュラムの構成をそのままグルコンの構成に流用している | E6: 営業開始の前倒し：STEP1と並行して「営業の器づくり」を完了させる | F6: STEP1の期間中に、クラウドソーシング／Wantedlyのアカウント開設・プロフィール下書き・ポートフォリオ3点までを終わらせ、STEP2の第1週に初提案を送る導線に組み替える。グルコンにも1ヶ月目から営業回を1枠入れる。 | G6: 短期 | H6: グルコン統括／カリキュラム担当 | I6: 改訂版ステップ表・STEP1向け営業準備チェックリスト | J6: ①現行STEP1〜2の到達点を棚卸し ②前倒し可能な項目を特定 ③チェックリスト化 ④グルコン枠に営業回を追加 ⑤次期入会者から適用 | K6: =IF(OR($B$3="",$N6=""),"",$B$3+$N6) | L6: 入会60日以内に初提案を送った受講生の割合が80%以上 | M6: 未着手 | N6: 45
A7: 2 | B7: GC-01 | C7: 各回にテーマがなく、毎回「質問がある人？」形式になっている | D7: 回ごとの目的・アジェンダが定義されていない | E7: グルコンのテーマ制への移行（曜日ごとに固定テーマを設定） | F7: 週3〜4回の各回に固定テーマを割り当てる（例：月＝課題添削会／水＝営業実践会／金＝数値開示・成果報告会）。前週末までに翌週の議題を告知する。 | G7: 短期 | H7: グルコン統括 | I7: 年間テーマ表・週次告知テンプレート | J7: ①全開催回の内容を棚卸し ②テーマを割当 ③告知フォーマット作成 ④講師へ共有 ⑤翌月から運用開始 | K7: =IF(OR($B$3="",$N7=""),"",$B$3+$N7) | L7: 全開催回にテーマが設定され、前週末までの告知が4週連続で実施されている | M7: 未着手 | N7: 30
A8: 3 | B8: GC-02 | C8: 全STEPの受講生が同じ回に混在し、内容がどのフェーズにも最適化されていない | D8: フェーズ別の開催枠がない | E8: フェーズ別グルコン枠の新設（STEP1-2／STEP3-4／STEP5以降） | F8: 現行枠を3系統に分割。STEP1-2は作業・添削中心、STEP3-4は営業数値と受注実務、STEP5以降は単価UPと自走。受講生は自分のフェーズの枠に必ず参加し、他枠は自由参加とする。 | G8: 中期 | H8: グルコン統括／CSリーダー | I8: フェーズ別グルコン運営設計書・開催カレンダー | J8: ①在籍者のフェーズ分布を集計 ②枠数と時間帯を設計 ③講師アサイン ④受講生へ告知 ⑤1ヶ月試行後にレビュー | K8: =IF(OR($B$3="",$N8=""),"",$B$3+$N8) | L8: 3枠体制で1ヶ月運用し、各枠の参加率が70%以上 | M8: 未着手 | N8: 75
A9: 4 | B9: GC-08 | C9: グルコン終了時に、次の1週間のアクションが確定していない | D9: アクションを決めて終わる型がない | E9: 終了前5分の「次の1週間アクション宣言」を全回で必須化 | F9: 終了5分前に、参加者全員が「いつまでに・何をするか」をチャットに記入。記録シートに蓄積し、翌週冒頭で実行有無を確認する。実行できなかった人はその場で原因を1つ特定する。 | G9: 短期 | H9: グルコン担当講師 | I9: アクション宣言記録シート・進行台本への組み込み | J9: ①記録シート作成 ②進行台本に組み込み ③講師へ周知 ④翌週の冒頭確認をルール化 ⑤月次で実行率を集計 | K9: =IF(OR($B$3="",$N9=""),"",$B$3+$N9) | L9: 全開催回でアクション記録が残り、アクション実行率が月次で集計できている | M9: 未着手 | N9: 30
A10: 5 | B10: GC-04 | C10: 営業フェーズで、実物をその場で直す時間が確保されていない | D10: 説明と質疑応答が中心の構成 | E10: 営業回を「その場で直して送るまで」のワーク型に変更 | F10: プロフィール・提案文を画面共有し、その場で修正。解散前に提案送信または修正完了までを終わらせる。講師は説明3割・添削7割の時間配分にする。 | G10: 短期 | H10: 営業担当講師／営業メンター | I10: 営業ワーク回の進行台本・添削チェックリスト | J10: ①添削観点をチェックリスト化 ②進行台本作成 ③2回試行 ④参加者アンケートで調整 ⑤定例化 | K10: =IF(OR($B$3="",$N10=""),"",$B$3+$N10) | L10: 実施回ごとに、参加者の70%以上がその場で提案送信または修正完了に到達 | M10: 未着手 | N10: 30
A11: 6 | B11: GC-19 | C11: 停滞者の検知が担当メンターの感覚に依存し、基準が統一されていない | D11: 「停滞」の定義がない | E11: 停滞の定義とアラート基準の設定、24時間以内の接触ルール化 | F11: アラート条件を定義（日報3日連続未提出／グルコン2回連続欠席／提案0件が2週間継続／課題進捗が1週間停止）。該当時は担当メンターが24時間以内に接触し、対応内容を記録する。 | G11: 短期 | H11: CSリーダー | I11: 停滞アラート基準書・アラート記録シート | J11: ①過去の離脱者の直前1ヶ月の挙動を分析 ②閾値を決定 ③検知運用を整備 ④メンターへ周知 ⑤発報から接触までの時間を月次で集計 | K11: =IF(OR($B$3="",$N11=""),"",$B$3+$N11) | L11: アラート条件が運用され、発報から接触までの平均時間が24時間以内 | M11: 未着手 | N11: 45
A12: 7 | B12: GC-17 | C12: グルコンで決めたアクションが1on1でフォローされていない | D12: グルコンと1on1の間で情報の受け渡しがない | E12: グルコン→1on1→日報 の連携ルールを定義 | F12: グルコンで宣言したアクションを1on1の冒頭で必ず確認する。日報に「今週のアクション」欄を追加し、宣言と実績が同じ場所に並ぶようにする。 | G12: 短期 | H12: CSリーダー／メンター全員 | I12: 1on1テンプレート改訂版・日報フォーマット改訂版 | J12: ①日報フォーマットに欄を追加 ②1on1テンプレの冒頭に確認項目を追加 ③メンターへ周知 ④1ヶ月後に記録率をレビュー | K12: =IF(OR($B$3="",$N12=""),"",$B$3+$N12) | L12: 1on1メモに前回アクションの実行有無が記録されている割合が90%以上 | M12: 未着手 | N12: 30
A13: 8 | B13: GC-15 | C13: 他の受講生の提案数・成果が見えず、基準値が上がらない | D13: 数値を開示し合う場がない | E13: 週1回の「数値開示・不採用解剖会」を新設 | F13: 参加者全員が今週の提案数・返信数・受注数を開示する。あわせて落ちた提案を1件取り上げ、原因を全員で分解し改善案をその場で作る。 | G13: 短期 | H13: 営業担当講師 | I13: 数値開示フォーマット・不採用解剖の型 | J13: ①開示フォーマット作成 ②解剖の進行手順を作成 ③週次で定例化 ④月次で平均提案数の推移を確認 | K13: =IF(OR($B$3="",$N13=""),"",$B$3+$N13) | L13: 月4回実施され、参加者の平均提案数が前月比120%以上 | M13: 未着手 | N13: 30
A14: 9 | B14: GC-14 | C14: 完璧主義でポートフォリオが完成せず営業に進めない | D14: 営業を開始してよい基準が示されていない | E14: 「営業開始基準」の明文化と、基準到達での強制移行 | F14: 何が何点そろえば営業を始めてよいかを定義（例：バナー2点＋スライド1点＋プロフィール完成）。基準に到達した時点で営業フェーズへ移行させ、完璧を待たせない。 | G14: 短期 | H14: カリキュラム担当／営業メンター | I14: 営業開始基準シート | J14: ①過去の受注者が営業開始時点で持っていた実績を調査 ②最低基準を決定 ③受講生へ公開 ④STEP2開始時に到達状況を確認 | K14: =IF(OR($B$3="",$N14=""),"",$B$3+$N14) | L14: 基準が公開され、STEP2開始時点での基準到達率が80%以上 | M14: 未着手 | N14: 45
A15: 10 | B15: GC-13 | C15: 質問を準備せずに参加するため、抽象的な質問しか出ない | D15: 事前に議題を提出するフローがない | E15: 事前議題提出フローの導入 | F15: 開催24時間前までにフォームで議題を提出。提出者の議題を優先的に扱う。未提出者にも当日必ず1回は指名して発言機会をつくる。 | G15: 短期 | H15: グルコン統括 | I15: 議題提出フォーム・議題一覧の運用 | J15: ①フォーム作成 ②提出期限と優先ルールを告知 ③講師が事前に議題を確認する運用 ④提出率を月次で確認 | K15: =IF(OR($B$3="",$N15=""),"",$B$3+$N15) | L15: 参加者の議題提出率が60%以上 | M15: 未着手 | N15: 30
A16: 11 | B16: GC-10 | C16: 講師が受講生の進捗を見ないままグルコンに入っている | D16: 事前に見られる形でデータが集約されていない | E16: グルコン前チェック用ダッシュボードの整備 | F16: 日報提出状況／課題進捗／提案数／直近の詰まり を1画面で見られるようにする。講師は開始前にダッシュボードを見て、当日指名する停滞者を3名ピックアップする。 | G16: 中期 | H16: CSリーダー／運営 | I16: 受講生進捗ダッシュボード | J16: ①必要項目を定義 ②既存データの所在を整理 ③シート／ツールに集約 ④講師の事前確認を運用ルール化 | K16: =IF(OR($B$3="",$N16=""),"",$B$3+$N16) | L16: 全講師が開催前にダッシュボードを確認し、停滞者への指名対応が記録されている | M16: 未着手 | N16: 75
A17: 12 | B17: GC-29 | C17: 初提案までの日数・初受注までの日数が計測されていない | D17: 指標の定義と記録の仕組みがない | E17: 主要KPIの定義と計測開始 | F17: 「KPI定義」シートの指標を確定し、記録の担当者と更新頻度を決めて計測を開始する。コース別・入会月別のコホートで見られる形にする。 | G17: 短期 | H17: 運営／CSリーダー | I17: KPI定義書・KPI記録シート | J17: ①指標を確定 ②記録元と担当者を決定 ③記録開始 ④月次でダッシュボード更新 ⑤3ヶ月後に基準値を設定 | K17: =IF(OR($B$3="",$N17=""),"",$B$3+$N17) | L17: 月次でKPIが更新され、コース別・入会月別に集計できる状態 | M17: 未着手 | N17: 30
... A26: 21 | B26: GC-25 | C26: 開催頻度に対して準備工数が確保されていない | D26: 開催回数ありきで設計されている | E26: 開催頻度と準備工数の再設計（講師主導回とメンター伴走の作業会に分離） | F26: 週3〜4回の内訳を「講師主導の講義・添削回」と「メンター伴走の作業会」に分け、準備負荷を分散させる。作業会は準備を最小化し、参加者が手を動かす時間に充てる。 | G26: 中期 | H26: グルコン統括／マネージャー | I26: 開催区分の設計書・工数試算 | J26: ①現行の準備工数を実測 ②区分を設計 ③試行 ④参加者満足度と工数を比較 ⑤本運用 | K26: =IF(OR($B$3="",$N26=""),"",$B$3+$N26) | L26: 講師1人あたりの週次準備工数が目標時間内に収まり、参加者満足度が維持されている | M26: 未着手 | N26: 90

Sheet KPI定義
A1: KPI定義
A2: ※ 目標値は仮置き。3ヶ月計測して実績の中央値が出てから確定させる。現時点で計測できていない指標は、それ自体が課題（GC-29〜31）として立つ。
A4: 区分 | B4: 指標 | C4: 定義 | D4: 計測方法・データ元 | E4: 目標値（仮） | F4: 確認頻度 | G4: 対象STEP
A5: 成果（最終） | B5: 6ヶ月累計成果額 | C5: 入会から6ヶ月間に受講生が受注・入金した金額の合計 | D5: 成果報告記録 | E5: ― | F5: 月次 | G5: 全STEP
A6: 成果（最終） | B6: 3ヶ月以内 初受注率 | C6: 入会3ヶ月時点で1件以上受注している受講生の割合（入会月コホート） | D6: 成果報告記録 | E6: 50%以上 | F6: 月次 | G6: STEP1〜3
A7: 成果（最終） | B7: 6ヶ月時点 目標達成率 | C7: 本人が入会時に設定した目標金額に到達した受講生の割合 | D7: 目標設定シート／成果記録 | E7: ― | F7: 月次 | G7: 全STEP
A8: 成果（速さ） | B8: 初提案までの日数 | C8: 入会日から、初めて案件に応募した日までの日数 | D8: 日報／営業活動記録 | E8: 45日以内 | F8: 週次 | G8: STEP1〜2
A9: 成果（速さ） | B9: 初受注までの日数 | C9: 入会日から、初めて受注が確定した日までの日数 | D9: 成果報告記録 | E9: 90日以内 | F9: 週次 | G9: STEP2〜3
A10: 先行（行動） | B10: 週あたり提案数 | C10: 1人あたりの週間の案件応募件数 | D10: 営業活動記録 | E10: 10件／週以上 | F10: 週次 | G10: STEP3〜5
A11: 先行（行動） | B11: 提案返信率 | C11: 送った提案のうち返信があった割合 | D11: 営業活動記録 | E11: ― | F11: 週次 | G11: STEP3〜5
A12: 先行（行動） | B12: 課題提出率 | C12: 期限内に提出された課題の割合 | D12: カリキュラム管理 | E12: 90%以上 | F12: 週次 | G12: STEP1
A13: 先行（行動） | B13: 日報提出率 | C13: 日報を提出した日数の割合 | D13: 日報 | E13: 90%以上 | F13: 週次 | G13: 全STEP
A14: 先行（参加） | B14: グルコン参加率 | C14: 開催回数に対して参加した回数の割合 | D14: 出席記録 | E14: 70%以上 | F14: 週次 | G14: 全STEP
A15: 先行（参加） | B15: 発言率 | C15: 参加者のうち、発言または質問をした人の割合 | D15: 進行記録 | E15: 60%以上 | F15: 週次 | G15: 全STEP
... A21: 組織 | B21: 講師1人あたり準備工数 | C21: グルコン1回あたりの平均準備時間 | D21: 工数記録 | E21: ― | F21: 月次 | G21: ―
